arch,fraction,seed,val_macro_f1
cnn_lstm,1.0,42,0.6337471774369733
cnn_lstm,1.0,17,0.6171369393604778
cnn_lstm,1.0,0,0.5565059458122286
cnn_lstm,0.2,42,0.5103605551610629
cnn_lstm,0.2,17,0.48587486169004274
cnn_lstm,0.2,0,0.46207948704292373
cnn_lstm,0.4,42,0.5242986838314487
cnn_lstm,0.4,17,0.5237840105042173
cnn_lstm,0.4,0,0.5326890984192172
cnn_lstm,0.6,42,0.5882144923809933
cnn_lstm,0.6,17,0.5923525742368323
cnn_lstm,0.6,0,0.5430518351545581
cnn_lstm,0.8,42,0.5386880248192123
cnn_lstm,0.8,17,0.5997474790398091
cnn_lstm,0.8,0,0.5469388199109756
