candle_index,datetime,programmatic_label,human_label,annotator_note
10245,2023-10-25 13:30:00-04:00,0,0,
5931,2021-05-14 11:30:00-04:00,1,1,
2848,2019-08-14 15:30:00-04:00,0,0,
11817,2024-09-18 10:30:00-04:00,0,0,
2715,2019-07-18 15:30:00-04:00,1,1,
11999,2024-10-24 10:30:00-04:00,1,1,
9699,2023-07-06 13:30:00-04:00,0,0,
12768,2025-04-04 09:30:00-04:00,0,0,
11411,2024-06-26 10:30:00-04:00,0,0,
1764,2019-01-03 09:30:00-05:00,0,0,
1252,2018-09-17 15:30:00-04:00,0,0,
6879,2021-11-24 14:30:00-05:00,0,0,
7994,2022-07-18 09:30:00-04:00,0,0,
11023,2024-04-05 14:30:00-04:00,0,0,
1290,2018-09-25 11:30:00-04:00,0,0,
10810,2024-02-22 11:30:00-05:00,0,0,
6962,2021-12-13 13:30:00-05:00,0,0,
11539,2024-07-23 12:30:00-04:00,0,0,
6818,2021-11-12 09:30:00-05:00,0,0,
7715,2022-05-18 10:30:00-04:00,0,0,
13732,2025-10-21 14:30:00-04:00,0,0,
14261,2026-02-10 11:30:00-05:00,0,0,
12675,2025-03-17 14:30:00-04:00,0,0,
1321,2018-10-01 14:30:00-04:00,0,0,
7891,2022-06-24 11:30:00-04:00,0,0,
2692,2019-07-15 13:30:00-04:00,0,0,
2987,2019-09-12 14:30:00-04:00,0,0,
6939,2021-12-08 11:30:00-05:00,0,0,
6486,2021-09-07 13:30:00-04:00,0,0,
9239,2023-03-30 15:30:00-04:00,0,0,
2439,2019-05-22 12:30:00-04:00,0,0,
3449,2019-12-16 14:30:00-05:00,0,0,
363,2018-03-16 15:30:00-04:00,0,0,
3324,2019-11-19 15:30:00-05:00,0,0,
6049,2021-06-09 10:30:00-04:00,0,0,
1083,2018-08-13 14:30:00-04:00,0,0,
2658,2019-07-08 14:30:00-04:00,0,0,
6719,2021-10-22 15:30:00-04:00,0,0,
13417,2025-08-18 14:30:00-04:00,0,0,
6470,2021-09-02 11:30:00-04:00,0,0,
697,2018-05-24 13:30:00-04:00,0,0,
1265,2018-09-19 14:30:00-04:00,0,0,
1249,2018-09-17 12:30:00-04:00,0,0,
975,2018-07-23 11:30:00-04:00,0,0,
2676,2019-07-11 11:30:00-04:00,0,0,
3298,2019-11-14 10:30:00-05:00,0,0,
3305,2019-11-15 10:30:00-05:00,0,0,
3712,2020-02-11 11:30:00-05:00,0,0,
11492,2024-07-12 14:30:00-04:00,0,0,
11213,2024-05-14 15:30:00-04:00,0,0,
1118,2018-08-20 14:30:00-04:00,0,0,
245,2018-02-22 09:30:00-05:00,0,0,
3176,2019-10-21 14:30:00-04:00,0,0,
2109,2019-03-15 11:30:00-04:00,0,0,
4931,2020-10-19 12:30:00-04:00,0,0,
4914,2020-10-15 09:30:00-04:00,0,0,
6464,2021-09-01 12:30:00-04:00,0,0,
6123,2021-06-23 14:30:00-04:00,0,0,
7542,2022-04-12 12:30:00-04:00,0,0,
8427,2022-10-12 15:30:00-04:00,0,0,
9615,2023-06-16 13:30:00-04:00,0,0,
9697,2023-07-06 11:30:00-04:00,-1,-1,
10809,2024-02-22 10:30:00-05:00,1,1,
10628,2024-01-16 11:30:00-05:00,0,0,
12527,2025-02-13 13:30:00-05:00,0,0,
13096,2025-06-11 15:30:00-04:00,0,0,
14474,2026-03-25 14:30:00-04:00,0,0,
14363,2026-03-03 15:30:00-05:00,0,0,
11233,2024-05-17 14:30:00-04:00,0,0,
8135,2022-08-15 10:30:00-04:00,0,0,
9322,2023-04-18 14:30:00-04:00,0,0,
1163,2018-08-29 10:30:00-04:00,0,0,
8307,2022-09-19 14:30:00-04:00,0,0,
8441,2022-10-14 15:30:00-04:00,0,0,
8302,2022-09-19 09:30:00-04:00,0,0,
