candle_index,datetime,programmatic_label,human_label,annotator_note
10210,2023-10-18 13:30:00-04:00,0,-1,override
5467,2021-02-09 09:30:00-05:00,0,0,override
2936,2019-09-03 12:30:00-04:00,0,0,override
11476,2024-07-10 12:30:00-04:00,1,1,confirmed_rule
2666,2019-07-09 15:30:00-04:00,0,0,ambiguous
11534,2024-07-22 14:30:00-04:00,0,0,confirmed_rule
9583,2023-06-12 09:30:00-04:00,0,0,confirmed_rule
12590,2025-02-27 13:30:00-05:00,0,-1,override
11167,2024-05-06 11:30:00-04:00,0,0,confirmed_rule
1882,2019-01-28 15:30:00-05:00,0,0,confirmed_rule
1250,2018-09-17 13:30:00-04:00,0,0,confirmed_rule
6473,2021-09-02 14:30:00-04:00,0,0,confirmed_rule
7724,2022-05-19 12:30:00-04:00,0,0,confirmed_rule
10792,2024-02-16 14:30:00-05:00,0,-1,override
1297,2018-09-26 11:30:00-04:00,0,0,confirmed_rule
10522,2023-12-21 10:30:00-05:00,0,0,confirmed_rule
6641,2021-10-07 14:30:00-04:00,-1,-1,confirmed_rule
11352,2024-06-12 14:30:00-04:00,0,0,confirmed_rule
6392,2021-08-18 10:30:00-04:00,0,0,confirmed_rule
7358,2022-03-07 10:30:00-05:00,-1,-1,confirmed_rule
13607,2025-09-25 15:30:00-04:00,0,0,ambiguous
14327,2026-02-24 14:30:00-05:00,0,0,confirmed_rule
12332,2025-01-02 14:30:00-05:00,0,1,override
1371,2018-10-10 15:30:00-04:00,-1,-1,confirmed_rule
7541,2022-04-12 11:30:00-04:00,0,-1,override
2692,2019-07-15 13:30:00-04:00,0,0,ambiguous
2987,2019-09-12 14:30:00-04:00,0,-1,override
6939,2021-12-08 11:30:00-05:00,0,1,override
6486,2021-09-07 13:30:00-04:00,0,-1,override
9239,2023-03-30 15:30:00-04:00,1,1,confirmed_rule
2439,2019-05-22 12:30:00-04:00,0,0,confirmed_rule
3449,2019-12-16 14:30:00-05:00,-1,-1,confirmed_rule
363,2018-03-16 15:30:00-04:00,0,-1,override
3324,2019-11-19 15:30:00-05:00,0,-1,override
6049,2021-06-09 10:30:00-04:00,0,0,confirmed_rule
1083,2018-08-13 14:30:00-04:00,0,-1,override
2658,2019-07-08 14:30:00-04:00,0,0,confirmed_rule
6719,2021-10-22 15:30:00-04:00,0,0,confirmed_rule
13417,2025-08-18 14:30:00-04:00,0,0,confirmed_rule
6470,2021-09-02 11:30:00-04:00,0,-1,override
697,2018-05-24 13:30:00-04:00,0,0,confirmed_rule
1265,2018-09-19 14:30:00-04:00,0,0,confirmed_rule
1249,2018-09-17 12:30:00-04:00,0,-1,override
975,2018-07-23 11:30:00-04:00,0,0,confirmed_rule
2676,2019-07-11 11:30:00-04:00,0,0,confirmed_rule
3298,2019-11-14 10:30:00-05:00,0,0,confirmed_rule
3305,2019-11-15 10:30:00-05:00,0,0,confirmed_rule
3712,2020-02-11 11:30:00-05:00,0,0,confirmed_rule
11213,2024-05-14 15:30:00-04:00,1,1,confirmed_rule
1118,2018-08-20 14:30:00-04:00,0,0,confirmed_rule
245,2018-02-22 09:30:00-05:00,0,0,confirmed_rule
3176,2019-10-21 14:30:00-04:00,0,1,override
2109,2019-03-15 11:30:00-04:00,0,0,confirmed_rule
4931,2020-10-19 12:30:00-04:00,0,-1,override
4914,2020-10-15 09:30:00-04:00,-1,0,override
6464,2021-09-01 12:30:00-04:00,0,-1,override
6123,2021-06-23 14:30:00-04:00,0,0,confirmed_rule
7542,2022-04-12 12:30:00-04:00,0,-1,override
8427,2022-10-12 15:30:00-04:00,0,-1,override
9615,2023-06-16 13:30:00-04:00,0,-1,override
9697,2023-07-06 11:30:00-04:00,0,1,override
10809,2024-02-22 10:30:00-05:00,1,1,override
10628,2024-01-16 11:30:00-05:00,0,0,confirmed_rule
12527,2025-02-13 13:30:00-05:00,0,1,override
13096,2025-06-11 15:30:00-04:00,0,1,override
14474,2026-03-25 14:30:00-04:00,0,-1,override
14363,2026-03-03 15:30:00-05:00,0,1,override
11234,2024-05-17 15:30:00-04:00,0,1,override
8135,2022-08-15 10:30:00-04:00,0,1,override
9322,2023-04-18 14:30:00-04:00,0,0,confirmed_rule
1163,2018-08-29 10:30:00-04:00,1,1,confirmed_rule
8307,2022-09-19 14:30:00-04:00,0,0,confirmed_rule
8441,2022-10-14 15:30:00-04:00,0,0,confirmed_rule
8302,2022-09-19 09:30:00-04:00,0,0,confirmed_rule
11492,2024-07-12 14:30:00-04:00,1,-1,override
